{"case103": 30.607, "case105": 39.177, "case108": 48.887, "case090": 18.987000000000002, "case102": 42.257, "case109": 67.577, "case098": 26.727, "case097": 31.907000000000004, "case092": 27.006999999999998, "case104": 31.147000000000002, "case099": 23.247, "case085": 16.117, "case106": 45.907, "case083": 12.747, "case094": 23.597, "case086": 16.247, "case100": 38.497, "case107": 37.797, "case093": 13.777000000000001, "case095": 18.907, "case101": 26.606999999999996, "case096": 32.806999999999995, "case089": 27.357, "case050": 1.5668732, "case026": 1.7068732, "case019": 1.5568732, "case045": 1.9168732000000002, "case038": 2.0768732, "case055": 4.0068732, "case052": 1.6968732, "case061": 2.0768732, "case063": 1.7968732, "case062": 2.4568732000000004, "case036": 1.7668732, "case059": 3.4068732000000006, "case056": 2.4368732, "case022": 1.9468732, "case025": 1.6468732, "case057": 2.2168732, "case047": 1.6968732, "case073": 3.7968732000000003, "case051": 2.6068732, "case064": 2.9968732, "case060": 3.1768732, "case065": 4.4368732, "case034": 1.5768732, "case048": 1.1868732, "case024": 1.1168732000000001, "case037": 1.1068732, "case028": 1.2368732, "case006": 0.04, "case042": 1.2068732, "case049": 1.4668732, "case054": 1.3568732, "case030": 1.1068732, "case013": 1.0868732, "case032": 1.1068732, "case016": 1.2868732, "case023": 1.1868732, "case043": 1.1468732000000001, "case041": 1.1768732, "case007": 0.04, "case012": 0.06, "case015": 1.1068732, "case027": 1.1268732, "case035": 1.0968732, "case040": 1.4968732, "case046": 1.5268732, "case009": 0.04, "case044": 1.4268732, "case014": 0.49, "case017": 1.0868732, "case029": 1.1368732, "case005": 0.03, "case020": 1.4268732, "case002": 0.01, "case031": 1.2668732, "case039": 1.2468732, "case058": 1.4068732000000002, "case018": 1.3268732, "case003": 0.01, "case021": 1.3968732, "case011": 0.13999999999999999, "case001": 0.01, "case010": 0.12, "case004": 0.01, "case033": 1.0868732, "case053": 1.1368732, "case008": 1.2868732, "case072": 6.567, "case071": 7.767, "case078": 8.007, "case075": 8.917, "case088": 8.457, "case074": 7.6370000000000005, "case080": 11.027000000000001, "case076": 8.917, "case068": 6.917000000000001, "case070": 6.947, "case066": 7.307000000000001, "case067": 7.487000000000001, "case079": 9.707, "case069": 7.077, "case084": 6.807, "case082": 8.427, "case087": 8.067, "case077": 8.617, "case091": 9.147, "case081": 6.377000000000001}